{
  "index": 0,
  "currentPage": "index",
  "routes": [
    {
      "path": "index",
      "stencils": {
        "fa7b7977-ae8c-461e-9ec4-e9905386679a": {
          "id": "fa7b7977-ae8c-461e-9ec4-e9905386679a",
          "namespace": "material-ui",
          "name": "Checkbox",
          "props": {
            "style": {
              "width": 300
            },
            "key": "fa7b7977-ae8c-461e-9ec4-e9905386679a",
            "label": "應用模組整合 - 引入完整套件",
            "labelPosition": "right"
          },
          "parentId": "29209c95-b93f-4899-b9a5-68c4c4e60994",
          "children": [],
          "extension": {
            "action": false,
            "dataBinding": false
          },
          "alias": "Checkbox"
        },
        "5f7f7126-c36f-4fce-af77-a0f84bbcea09": {
          "id": "5f7f7126-c36f-4fce-af77-a0f84bbcea09",
          "namespace": "material-ui",
          "name": "Checkbox",
          "props": {
            "style": {
              "width": 250
            },
            "key": "5f7f7126-c36f-4fce-af77-a0f84bbcea09",
            "label": "設備清單",
            "labelPosition": "right"
          },
          "parentId": "29209c95-b93f-4899-b9a5-68c4c4e60994",
          "children": [],
          "extension": {
            "action": false,
            "dataBinding": false
          },
          "alias": "Checkbox"
        },
        "f4cc3cd4-e30f-41c7-8cf7-2a2bedc194ec": {
          "id": "f4cc3cd4-e30f-41c7-8cf7-2a2bedc194ec",
          "namespace": "material-ui",
          "name": "Checkbox",
          "props": {
            "style": {
              "width": 250
            },
            "key": "f4cc3cd4-e30f-41c7-8cf7-2a2bedc194ec",
            "label": "場域編輯",
            "labelPosition": "right"
          },
          "parentId": "29209c95-b93f-4899-b9a5-68c4c4e60994",
          "children": [],
          "extension": {
            "action": false,
            "dataBinding": false
          },
          "alias": "Checkbox"
        },
        "c6480bfb-843e-4e9e-bddf-1fa65502ae16": {
          "id": "c6480bfb-843e-4e9e-bddf-1fa65502ae16",
          "namespace": "GridLayout",
          "name": "Col",
          "props": {
            "contentHeight": 150,
            "contentPosition": {
              "alignItems": "center",
              "display": "flex",
              "justifyContent": "flex-start"
            },
            "contentHeightUnit": "px",
            "colAlign": {
              "alignSelf": "center"
            },
            "scale": 8,
            "index": 0,
            "isEditMode": true,
            "colDirection": {
              "normal": "\n    flex-direction: column;\n    display: flex;",
              "hover": "background:\n    repeating-linear-gradient(\n      90deg, rgba(224, 224, 224, .5),\n      rgba(224, 224, 224, .5) 8px,\n      rgba(245, 245, 245, .5) 8px,\n      rgba(245, 245, 245, .5) 16px);"
            },
            "key": "b6b7d608-b073-4a70-95c1-93f5eb733acb"
          },
          "parentId": "1214fa62-a95b-4409-b935-b74703a50c14",
          "children": [
            "3f911816-2749-48ee-bbbd-ff4d0d207c4f"
          ],
          "extension": {
            "action": false,
            "dataBinding": false,
            "style": false
          },
          "alias": "GridLayoutCol"
        },
        "175b5989-d5c8-4335-9b4c-f1df053d8cea": {
          "id": "175b5989-d5c8-4335-9b4c-f1df053d8cea",
          "namespace": "native",
          "name": "div",
          "props": {
            "key": "175b5989-d5c8-4335-9b4c-f1df053d8cea",
            "style": {
              "backgroundColor": "white",
              "flex": 1,
              "overflow": "auto",
              "display": "block"
            }
          },
          "parentId": null,
          "children": [
            "b8c06d5d-f6c0-4654-a8e4-fb763050f421"
          ],
          "extension": {
            "action": false,
            "dataBinding": false
          },
          "alias": "ROOT_DIV"
        },
        "f780426b-949c-408a-ad9a-75ee8aa5c30b": {
          "id": "f780426b-949c-408a-ad9a-75ee8aa5c30b",
          "namespace": "material-ui",
          "name": "Checkbox",
          "props": {
            "style": {
              "width": 300
            },
            "key": "f780426b-949c-408a-ad9a-75ee8aa5c30b",
            "label": "應用模組整合 - 功能與場域結合",
            "labelPosition": "right"
          },
          "parentId": "29209c95-b93f-4899-b9a5-68c4c4e60994",
          "children": [],
          "extension": {
            "action": false,
            "dataBinding": false
          },
          "alias": "Checkbox"
        },
        "6c249d81-e36f-406d-99bd-f468cde34838": {
          "id": "6c249d81-e36f-406d-99bd-f468cde34838",
          "namespace": "material-ui",
          "name": "Checkbox",
          "props": {
            "style": {
              "width": 250
            },
            "key": "6c249d81-e36f-406d-99bd-f468cde34838",
            "label": "專案資料",
            "labelPosition": "right"
          },
          "parentId": "29209c95-b93f-4899-b9a5-68c4c4e60994",
          "children": [],
          "extension": {
            "action": false,
            "dataBinding": false
          },
          "alias": "Checkbox"
        },
        "91daf88c-8804-48f9-9a3d-bca3d649e413": {
          "id": "91daf88c-8804-48f9-9a3d-bca3d649e413",
          "namespace": "GridLayout",
          "name": "Col",
          "props": {
            "contentHeight": 150,
            "contentPosition": {
              "alignItems": "center",
              "display": "flex",
              "justifyContent": "flex-start"
            },
            "contentHeightUnit": "px",
            "colAlign": {},
            "scale": 4,
            "index": 1,
            "isEditMode": true,
            "colDirection": {
              "normal": "\n    flex-direction: column;\n    display: flex;",
              "hover": "background:\n    repeating-linear-gradient(\n      90deg, rgba(224, 224, 224, .5),\n      rgba(224, 224, 224, .5) 8px,\n      rgba(245, 245, 245, .5) 8px,\n      rgba(245, 245, 245, .5) 16px);"
            },
            "key": "8fd19305-c88a-48f6-8a94-f3ba25f3dacb"
          },
          "parentId": "1214fa62-a95b-4409-b935-b74703a50c14",
          "children": [],
          "extension": {
            "action": false,
            "dataBinding": false,
            "style": false
          },
          "alias": "GridLayoutCol"
        },
        "e35a4c4a-2a88-4ddb-8c0b-eaf15d251c17": {
          "id": "e35a4c4a-2a88-4ddb-8c0b-eaf15d251c17",
          "namespace": "primitiveString",
          "name": "Deltasims 使用者意見回饋問卷",
          "props": {
            "key": "e35a4c4a-2a88-4ddb-8c0b-eaf15d251c17",
            "value": "I am a h3 style"
          },
          "parentId": "41e01381-65c6-4a09-8023-90bf29a2a70f",
          "children": [],
          "extension": {
            "action": false,
            "dataBinding": false
          },
          "alias": "Primitive String"
        },
        "1ad6a9c2-fa43-4169-ab8b-360d1ba220f5": {
          "id": "1ad6a9c2-fa43-4169-ab8b-360d1ba220f5",
          "namespace": "GridLayout",
          "name": "Col",
          "props": {
            "contentHeight": 1000,
            "contentPosition": {
              "alignItems": "flex-start",
              "display": "flex",
              "justifyContent": "flex-start"
            },
            "contentHeightUnit": "px",
            "colAlign": {
              "alignSelf": "center"
            },
            "scale": 8,
            "index": 0,
            "isEditMode": true,
            "colDirection": {
              "normal": "\n    flex-direction: column;\n    display: flex;",
              "hover": "background:\n    repeating-linear-gradient(\n      90deg, rgba(224, 224, 224, .5),\n      rgba(224, 224, 224, .5) 8px,\n      rgba(245, 245, 245, .5) 8px,\n      rgba(245, 245, 245, .5) 16px);"
            },
            "key": "60a8cfff-fd25-4331-bab5-376fd4224696"
          },
          "parentId": "b8c06d5d-f6c0-4654-a8e4-fb763050f421",
          "children": [
            "3e4f47a7-ab5c-4cf9-ae0d-c8124276d385"
          ],
          "extension": {
            "action": false,
            "dataBinding": false,
            "style": false
          },
          "alias": "GridLayoutCol"
        },
        "fe437ef6-0ba7-46db-8eff-0ac5e87a0861": {
          "id": "fe437ef6-0ba7-46db-8eff-0ac5e87a0861",
          "namespace": "material-ui",
          "name": "Checkbox",
          "props": {
            "style": {
              "width": 300
            },
            "key": "fe437ef6-0ba7-46db-8eff-0ac5e87a0861",
            "label": "設備 - 拖拉設備到場域圖",
            "labelPosition": "right"
          },
          "parentId": "29209c95-b93f-4899-b9a5-68c4c4e60994",
          "children": [],
          "extension": {
            "action": false,
            "dataBinding": false
          },
          "alias": "Checkbox"
        },
        "1214fa62-a95b-4409-b935-b74703a50c14": {
          "id": "1214fa62-a95b-4409-b935-b74703a50c14",
          "namespace": "GridLayout",
          "name": "GridLayout",
          "props": {
            "col": 2,
            "contentHeight": [
              150,
              150
            ],
            "contentPosition": [
              "middle-left",
              "middle-left"
            ],
            "contentHeightUnit": [
              "px",
              "px"
            ],
            "colAlign": [
              "center",
              null
            ],
            "scale": [
              2,
              1
            ],
            "isEditMode": true,
            "colDirection": [
              "vertical",
              "vertical"
            ],
            "key": "b59eeb7f-4745-47da-a9c7-fd580e0c94f0"
          },
          "parentId": "29209c95-b93f-4899-b9a5-68c4c4e60994",
          "children": [
            "c6480bfb-843e-4e9e-bddf-1fa65502ae16",
            "91daf88c-8804-48f9-9a3d-bca3d649e413"
          ],
          "extension": {
            "action": false,
            "dataBinding": false,
            "style": false
          },
          "alias": "Grid Layout"
        },
        "701483a0-ca51-48eb-9514-3fd19c8b403a": {
          "id": "701483a0-ca51-48eb-9514-3fd19c8b403a",
          "namespace": "primitiveString",
          "name": "1. 試用左側的App後，你喜歡哪些功能 ?",
          "props": {
            "key": "701483a0-ca51-48eb-9514-3fd19c8b403a",
            "value": "I am a h4 style"
          },
          "parentId": "fcd1db49-71c8-416e-bb62-1b8b21dca294",
          "children": [],
          "extension": {
            "action": false,
            "dataBinding": false
          },
          "alias": "Primitive String"
        },
        "98b58d78-0f3a-45f0-91c7-0077cb8391bb": {
          "id": "98b58d78-0f3a-45f0-91c7-0077cb8391bb",
          "namespace": "material-ui",
          "name": "Checkbox",
          "props": {
            "style": {
              "width": 300
            },
            "key": "98b58d78-0f3a-45f0-91c7-0077cb8391bb",
            "label": "電子簽收 - 驗收後簽名確認",
            "labelPosition": "right"
          },
          "parentId": "29209c95-b93f-4899-b9a5-68c4c4e60994",
          "children": [],
          "extension": {
            "action": false,
            "dataBinding": false
          },
          "alias": "Checkbox"
        },
        "ed2d697f-bf2d-49d3-a4a8-20e3c56142ec": {
          "id": "ed2d697f-bf2d-49d3-a4a8-20e3c56142ec",
          "namespace": "primitiveString",
          "name": "2. 場域編輯部分，我們提供了許多功能，哪些功能讓你感到實用 ?",
          "props": {
            "key": "ed2d697f-bf2d-49d3-a4a8-20e3c56142ec",
            "value": "I am a h4 style"
          },
          "parentId": "916efeff-81a9-4d3a-a9c2-5518f5819680",
          "children": [],
          "extension": {
            "action": false,
            "dataBinding": false
          },
          "alias": "Primitive String"
        },
        "41e01381-65c6-4a09-8023-90bf29a2a70f": {
          "id": "41e01381-65c6-4a09-8023-90bf29a2a70f",
          "namespace": "native",
          "name": "h3",
          "props": {
            "style": {
              "color": "#4a90e2",
              "backgroundColor": "#dfe2e6"
            },
            "key": "41e01381-65c6-4a09-8023-90bf29a2a70f",
            "value": "I am a h3 style"
          },
          "parentId": "29209c95-b93f-4899-b9a5-68c4c4e60994",
          "children": [
            "e35a4c4a-2a88-4ddb-8c0b-eaf15d251c17"
          ],
          "extension": {
            "action": false,
            "dataBinding": false
          },
          "alias": "Heading 3"
        },
        "3f911816-2749-48ee-bbbd-ff4d0d207c4f": {
          "id": "3f911816-2749-48ee-bbbd-ff4d0d207c4f",
          "namespace": "material-ui",
          "name": "RaisedButton",
          "props": {
            "style": {
              "width": 120
            },
            "key": "3f911816-2749-48ee-bbbd-ff4d0d207c4f",
            "label": "送出",
            "primary": true,
            "fullWidth": false,
            "onTouchTap": [
              {
                "name": "push",
                "args": [
                  "answer"
                ]
              }
            ]
          },
          "parentId": "c6480bfb-843e-4e9e-bddf-1fa65502ae16",
          "children": [],
          "extension": {
            "action": false,
            "dataBinding": false
          },
          "alias": "Raised Button"
        },
        "916efeff-81a9-4d3a-a9c2-5518f5819680": {
          "id": "916efeff-81a9-4d3a-a9c2-5518f5819680",
          "namespace": "native",
          "name": "h4",
          "props": {
            "style": {},
            "key": "916efeff-81a9-4d3a-a9c2-5518f5819680",
            "value": "I am a h4 style"
          },
          "parentId": "29209c95-b93f-4899-b9a5-68c4c4e60994",
          "children": [
            "ed2d697f-bf2d-49d3-a4a8-20e3c56142ec"
          ],
          "extension": {
            "action": false,
            "dataBinding": false
          },
          "alias": "Heading 4"
        },
        "22cc7b69-3d25-4456-8ae5-d168f6461e70": {
          "id": "22cc7b69-3d25-4456-8ae5-d168f6461e70",
          "namespace": "material-ui",
          "name": "Checkbox",
          "props": {
            "style": {
              "width": 250
            },
            "key": "22cc7b69-3d25-4456-8ae5-d168f6461e70",
            "label": "需求討論",
            "labelPosition": "right"
          },
          "parentId": "29209c95-b93f-4899-b9a5-68c4c4e60994",
          "children": [],
          "extension": {
            "action": false,
            "dataBinding": false
          },
          "alias": "Checkbox"
        },
        "e3c4b84c-a387-4d99-b350-bbaca3b8d236": {
          "id": "e3c4b84c-a387-4d99-b350-bbaca3b8d236",
          "namespace": "material-ui",
          "name": "Checkbox",
          "props": {
            "style": {
              "width": 250
            },
            "key": "e3c4b84c-a387-4d99-b350-bbaca3b8d236",
            "label": "報價",
            "labelPosition": "right"
          },
          "parentId": "29209c95-b93f-4899-b9a5-68c4c4e60994",
          "children": [],
          "extension": {
            "action": false,
            "dataBinding": false
          },
          "alias": "Checkbox"
        },
        "fcd1db49-71c8-416e-bb62-1b8b21dca294": {
          "id": "fcd1db49-71c8-416e-bb62-1b8b21dca294",
          "namespace": "native",
          "name": "h4",
          "props": {
            "style": {},
            "key": "fcd1db49-71c8-416e-bb62-1b8b21dca294",
            "value": "I am a h4 style"
          },
          "parentId": "29209c95-b93f-4899-b9a5-68c4c4e60994",
          "children": [
            "701483a0-ca51-48eb-9514-3fd19c8b403a"
          ],
          "extension": {
            "action": false,
            "dataBinding": false
          },
          "alias": "Heading 4"
        },
        "ac1efb1e-6f1b-457b-934f-6a5cb8d079f7": {
          "id": "ac1efb1e-6f1b-457b-934f-6a5cb8d079f7",
          "namespace": "primitiveString",
          "name": "3. 以下是我們設計的實驗性的功能，你喜歡哪些 ?",
          "props": {
            "key": "ac1efb1e-6f1b-457b-934f-6a5cb8d079f7",
            "value": "I am a h4 style"
          },
          "parentId": "edf5b92d-457f-407c-87fe-c5c9b84798bf",
          "children": [],
          "extension": {
            "action": false,
            "dataBinding": false
          },
          "alias": "Primitive String"
        },
        "29209c95-b93f-4899-b9a5-68c4c4e60994": {
          "id": "29209c95-b93f-4899-b9a5-68c4c4e60994",
          "namespace": "GridLayout",
          "name": "Col",
          "props": {
            "contentHeight": 1000,
            "contentPosition": {
              "alignItems": "flex-start",
              "display": "flex",
              "justifyContent": "flex-start"
            },
            "contentHeightUnit": "px",
            "colAlign": {},
            "scale": 4,
            "index": 1,
            "isEditMode": true,
            "colDirection": {
              "normal": "\n    flex-direction: column;\n    display: flex;",
              "hover": "background:\n    repeating-linear-gradient(\n      90deg, rgba(224, 224, 224, .5),\n      rgba(224, 224, 224, .5) 8px,\n      rgba(245, 245, 245, .5) 8px,\n      rgba(245, 245, 245, .5) 16px);"
            },
            "key": "fc55251c-8468-4762-a5f7-06e3a3bb7ab2"
          },
          "parentId": "b8c06d5d-f6c0-4654-a8e4-fb763050f421",
          "children": [
            "41e01381-65c6-4a09-8023-90bf29a2a70f",
            "fcd1db49-71c8-416e-bb62-1b8b21dca294",
            "6c249d81-e36f-406d-99bd-f468cde34838",
            "22cc7b69-3d25-4456-8ae5-d168f6461e70",
            "f4cc3cd4-e30f-41c7-8cf7-2a2bedc194ec",
            "5f7f7126-c36f-4fce-af77-a0f84bbcea09",
            "e3c4b84c-a387-4d99-b350-bbaca3b8d236",
            "27badaa2-ab32-47a4-9d31-97c7aea880b4",
            "916efeff-81a9-4d3a-a9c2-5518f5819680",
            "b543ac3e-8538-4832-8d0b-5c0389dff98b",
            "f780426b-949c-408a-ad9a-75ee8aa5c30b",
            "fa7b7977-ae8c-461e-9ec4-e9905386679a",
            "fe437ef6-0ba7-46db-8eff-0ac5e87a0861",
            "427d7b87-ffff-4d66-a5fe-b42522273b82",
            "edf5b92d-457f-407c-87fe-c5c9b84798bf",
            "a64f96df-581f-4690-ad51-992dbd44cc68",
            "98b58d78-0f3a-45f0-91c7-0077cb8391bb",
            "5ba9b5a4-9b61-4bb7-a315-326e5f82fbc5",
            "1214fa62-a95b-4409-b935-b74703a50c14"
          ],
          "extension": {
            "action": false,
            "dataBinding": false,
            "style": false
          },
          "alias": "GridLayoutCol"
        },
        "edf5b92d-457f-407c-87fe-c5c9b84798bf": {
          "id": "edf5b92d-457f-407c-87fe-c5c9b84798bf",
          "namespace": "native",
          "name": "h4",
          "props": {
            "style": {},
            "key": "edf5b92d-457f-407c-87fe-c5c9b84798bf",
            "value": "I am a h4 style"
          },
          "parentId": "29209c95-b93f-4899-b9a5-68c4c4e60994",
          "children": [
            "ac1efb1e-6f1b-457b-934f-6a5cb8d079f7"
          ],
          "extension": {
            "action": false,
            "dataBinding": false
          },
          "alias": "Heading 4"
        },
        "427d7b87-ffff-4d66-a5fe-b42522273b82": {
          "id": "427d7b87-ffff-4d66-a5fe-b42522273b82",
          "namespace": "material-ui",
          "name": "Checkbox",
          "props": {
            "style": {
              "width": 300
            },
            "key": "427d7b87-ffff-4d66-a5fe-b42522273b82",
            "label": "圖層 - 方便檢視場域資訊",
            "labelPosition": "right"
          },
          "parentId": "29209c95-b93f-4899-b9a5-68c4c4e60994",
          "children": [],
          "extension": {
            "action": false,
            "dataBinding": false
          },
          "alias": "Checkbox"
        },
        "27badaa2-ab32-47a4-9d31-97c7aea880b4": {
          "id": "27badaa2-ab32-47a4-9d31-97c7aea880b4",
          "namespace": "material-ui",
          "name": "Checkbox",
          "props": {
            "style": {
              "width": 250
            },
            "key": "27badaa2-ab32-47a4-9d31-97c7aea880b4",
            "label": "驗收清單",
            "labelPosition": "right"
          },
          "parentId": "29209c95-b93f-4899-b9a5-68c4c4e60994",
          "children": [],
          "extension": {
            "action": false,
            "dataBinding": false
          },
          "alias": "Checkbox"
        },
        "3e4f47a7-ab5c-4cf9-ae0d-c8124276d385": {
          "id": "3e4f47a7-ab5c-4cf9-ae0d-c8124276d385",
          "namespace": "native",
          "name": "iframe",
          "props": {
            "key": "6e18fb23-5eb7-41c4-b0e0-d4fc9cfcc12f",
            "src": "http://10.120.136.90/delta-sims/",
            "height": "700",
            "width": "1100",
            "style": {
              "border": 0,
              "background": "#eeeeee"
            }
          },
          "parentId": "1ad6a9c2-fa43-4169-ab8b-360d1ba220f5",
          "children": [],
          "extension": {
            "action": false,
            "dataBinding": false,
            "style": false
          },
          "alias": "Iframe"
        },
        "b543ac3e-8538-4832-8d0b-5c0389dff98b": {
          "id": "b543ac3e-8538-4832-8d0b-5c0389dff98b",
          "namespace": "material-ui",
          "name": "Checkbox",
          "props": {
            "style": {
              "width": 250
            },
            "key": "b543ac3e-8538-4832-8d0b-5c0389dff98b",
            "label": "環境描述 - 劃分區域",
            "labelPosition": "right"
          },
          "parentId": "29209c95-b93f-4899-b9a5-68c4c4e60994",
          "children": [],
          "extension": {
            "action": false,
            "dataBinding": false
          },
          "alias": "Checkbox"
        },
        "5ba9b5a4-9b61-4bb7-a315-326e5f82fbc5": {
          "id": "5ba9b5a4-9b61-4bb7-a315-326e5f82fbc5",
          "namespace": "material-ui",
          "name": "Checkbox",
          "props": {
            "style": {
              "width": 350
            },
            "key": "5ba9b5a4-9b61-4bb7-a315-326e5f82fbc5",
            "label": "照片註記 - 自動關聯照片與場域位置",
            "labelPosition": "right"
          },
          "parentId": "29209c95-b93f-4899-b9a5-68c4c4e60994",
          "children": [],
          "extension": {
            "action": false,
            "dataBinding": false
          },
          "alias": "Checkbox"
        },
        "b8c06d5d-f6c0-4654-a8e4-fb763050f421": {
          "id": "b8c06d5d-f6c0-4654-a8e4-fb763050f421",
          "namespace": "GridLayout",
          "name": "GridLayout",
          "props": {
            "col": 2,
            "contentHeight": [
              1000,
              1000,
              100,
              100,
              100,
              100,
              100,
              100,
              100,
              100,
              100,
              100
            ],
            "contentPosition": [
              "top-left",
              "top-left"
            ],
            "contentHeightUnit": [
              "px",
              "px"
            ],
            "colAlign": [
              "center",
              null
            ],
            "scale": [
              2,
              1
            ],
            "isEditMode": true,
            "colDirection": [
              "vertical",
              "vertical"
            ],
            "key": "c6fa3cb6-8152-4ab1-8c9b-818c0fd5aaf5"
          },
          "parentId": "175b5989-d5c8-4335-9b4c-f1df053d8cea",
          "children": [
            "1ad6a9c2-fa43-4169-ab8b-360d1ba220f5",
            "29209c95-b93f-4899-b9a5-68c4c4e60994"
          ],
          "extension": {
            "action": false,
            "dataBinding": false,
            "style": false
          },
          "alias": "Grid Layout"
        },
        "a64f96df-581f-4690-ad51-992dbd44cc68": {
          "id": "a64f96df-581f-4690-ad51-992dbd44cc68",
          "namespace": "material-ui",
          "name": "Checkbox",
          "props": {
            "style": {
              "width": 300
            },
            "key": "a64f96df-581f-4690-ad51-992dbd44cc68",
            "label": "同步 - 遠端使用者可同時看畫面",
            "labelPosition": "right"
          },
          "parentId": "29209c95-b93f-4899-b9a5-68c4c4e60994",
          "children": [],
          "extension": {
            "action": false,
            "dataBinding": false
          },
          "alias": "Checkbox"
        }
      }
    },
    {
      "path": "answer",
      "stencils": {
        "175b5989-d5c8-4335-9b4c-f1df053d8cea": {
          "id": "175b5989-d5c8-4335-9b4c-f1df053d8cea",
          "namespace": "native",
          "name": "div",
          "props": {
            "key": "175b5989-d5c8-4335-9b4c-f1df053d8cea",
            "style": {
              "backgroundColor": "white",
              "flex": 1,
              "overflow": "auto",
              "display": "block"
            }
          },
          "parentId": null,
          "children": [
            "57262c99-9601-4bf5-b5a0-0d6089cef182"
          ],
          "extension": {
            "action": false,
            "dataBinding": false
          },
          "alias": "ROOT_DIV"
        },
        "57262c99-9601-4bf5-b5a0-0d6089cef182": {
          "id": "57262c99-9601-4bf5-b5a0-0d6089cef182",
          "namespace": "GridLayout",
          "name": "GridLayout",
          "props": {
            "col": 2,
            "contentHeight": [
              800,
              100
            ],
            "contentPosition": [
              "center",
              "top-left"
            ],
            "contentHeightUnit": [
              "px",
              "px"
            ],
            "colAlign": [
              "center",
              null
            ],
            "scale": [
              1,
              1
            ],
            "isEditMode": true,
            "colDirection": [
              "vertical",
              "vertical"
            ],
            "key": "e6fd68ca-f175-4be2-a621-6718e5bb51cd"
          },
          "parentId": "175b5989-d5c8-4335-9b4c-f1df053d8cea",
          "children": [
            "b8563a93-5abc-406d-9367-ae43f2cdc703",
            "85d5bdf1-19b6-4867-b83b-58e95d4d4ee4"
          ],
          "extension": {
            "action": false,
            "dataBinding": false,
            "style": false
          },
          "alias": "Grid Layout"
        },
        "b8563a93-5abc-406d-9367-ae43f2cdc703": {
          "id": "b8563a93-5abc-406d-9367-ae43f2cdc703",
          "namespace": "GridLayout",
          "name": "Col",
          "props": {
            "contentHeight": 800,
            "contentPosition": {
              "alignItems": "center",
              "display": "flex",
              "justifyContent": "center"
            },
            "contentHeightUnit": "px",
            "colAlign": {
              "alignSelf": "center"
            },
            "index": 0,
            "isEditMode": true,
            "colDirection": {
              "normal": "\n    flex-direction: column;\n    display: flex;",
              "hover": "background:\n    repeating-linear-gradient(\n      90deg, rgba(224, 224, 224, .5),\n      rgba(224, 224, 224, .5) 8px,\n      rgba(245, 245, 245, .5) 8px,\n      rgba(245, 245, 245, .5) 16px);"
            },
            "key": "71d56c2e-858d-480a-94bf-fc93aefe1048"
          },
          "parentId": "57262c99-9601-4bf5-b5a0-0d6089cef182",
          "children": [
            "90ab653e-4ea0-4eeb-8c23-e5ef3bcd9ac0",
            "0ab28441-040b-4f23-8b54-4b3995c63ee5",
            "3c838228-9565-4d0a-ade1-d6e762a29f10"
          ],
          "extension": {
            "action": false,
            "dataBinding": false,
            "style": false
          },
          "alias": "GridLayoutCol"
        },
        "85d5bdf1-19b6-4867-b83b-58e95d4d4ee4": {
          "id": "85d5bdf1-19b6-4867-b83b-58e95d4d4ee4",
          "namespace": "GridLayout",
          "name": "Col",
          "props": {
            "contentHeight": 100,
            "contentPosition": {
              "alignItems": "flex-start",
              "display": "flex",
              "justifyContent": "flex-start"
            },
            "contentHeightUnit": "px",
            "colAlign": {},
            "index": 1,
            "isEditMode": true,
            "colDirection": {
              "normal": "\n    flex-direction: column;\n    display: flex;",
              "hover": "background:\n    repeating-linear-gradient(\n      90deg, rgba(224, 224, 224, .5),\n      rgba(224, 224, 224, .5) 8px,\n      rgba(245, 245, 245, .5) 8px,\n      rgba(245, 245, 245, .5) 16px);"
            },
            "key": "9299e6ce-b34d-4592-b49d-bb237e24bee8"
          },
          "parentId": "57262c99-9601-4bf5-b5a0-0d6089cef182",
          "children": [],
          "extension": {
            "action": false,
            "dataBinding": false,
            "style": false
          },
          "alias": "GridLayoutCol"
        },
        "90ab653e-4ea0-4eeb-8c23-e5ef3bcd9ac0": {
          "id": "90ab653e-4ea0-4eeb-8c23-e5ef3bcd9ac0",
          "namespace": "native",
          "name": "h1",
          "props": {
            "style": {},
            "key": "90ab653e-4ea0-4eeb-8c23-e5ef3bcd9ac0",
            "value": "I am a h1 style"
          },
          "parentId": "b8563a93-5abc-406d-9367-ae43f2cdc703",
          "children": [
            "d72eb6eb-4b94-4d70-a6ee-603bf073a1a1"
          ],
          "extension": {
            "action": false,
            "dataBinding": false
          },
          "alias": "Heading 1"
        },
        "d72eb6eb-4b94-4d70-a6ee-603bf073a1a1": {
          "id": "d72eb6eb-4b94-4d70-a6ee-603bf073a1a1",
          "namespace": "primitiveString",
          "name": "謝謝您的回饋",
          "props": {
            "key": "d72eb6eb-4b94-4d70-a6ee-603bf073a1a1",
            "value": "I am a h1 style"
          },
          "parentId": "90ab653e-4ea0-4eeb-8c23-e5ef3bcd9ac0",
          "children": [],
          "extension": {
            "action": false,
            "dataBinding": false
          },
          "alias": "Primitive String"
        },
        "0ab28441-040b-4f23-8b54-4b3995c63ee5": {
          "id": "0ab28441-040b-4f23-8b54-4b3995c63ee5",
          "namespace": "native",
          "name": "img",
          "props": {
            "style": {},
            "key": "0ab28441-040b-4f23-8b54-4b3995c63ee5",
            "alt": "default image",
            "src": "https://fthmb.tqn.com/_tYMtTrQUNAWMbfUH1q3pEjmIA4=/768x0/filters:no_upscale()/about/thank-you-185078737-58adfa013df78c345b0837e7.jpg"
          },
          "parentId": "b8563a93-5abc-406d-9367-ae43f2cdc703",
          "children": [],
          "extension": {
            "action": false,
            "dataBinding": false
          },
          "alias": "Image"
        },
        "3c838228-9565-4d0a-ade1-d6e762a29f10": {
          "id": "3c838228-9565-4d0a-ade1-d6e762a29f10",
          "namespace": "material-ui",
          "name": "RaisedButton",
          "props": {
            "key": "3c838228-9565-4d0a-ade1-d6e762a29f10",
            "label": "RaisedButton",
            "primary": true,
            "fullWidth": false,
            "onTouchTap": [
              {
                "name": "push",
                "args": [
                  "index"
                ]
              }
            ]
          },
          "parentId": "b8563a93-5abc-406d-9367-ae43f2cdc703",
          "children": [],
          "extension": {
            "action": false,
            "dataBinding": false
          },
          "alias": "Raised Button"
        }
      }
    },
    {
      "path": "third",
      "stencils": {
        "13b4d765-c840-40ac-8efd-09b380b4151b": {
          "id": "13b4d765-c840-40ac-8efd-09b380b4151b",
          "namespace": "GridLayout",
          "name": "GridLayout",
          "props": {
            "col": 2,
            "contentHeight": [
              500,
              100
            ],
            "contentPosition": [
              "top-left",
              "top-left"
            ],
            "contentHeightUnit": [
              "px",
              "px"
            ],
            "colAlign": [
              null,
              null
            ],
            "scale": [
              1,
              1
            ],
            "isEditMode": true,
            "colDirection": [
              "vertical",
              "vertical"
            ],
            "key": "024c1dcb-e140-4a34-84e0-ff1edd8d3765"
          },
          "parentId": "b9ab1533-12c4-4015-9aa2-bbe3c863bd7b",
          "children": [
            "e0359a52-273d-4d5c-abf7-0af45f612ade",
            "94b2032a-c655-4058-a92d-eb96c1673386"
          ],
          "extension": {
            "action": false,
            "dataBinding": false,
            "style": false
          },
          "alias": "Grid Layout"
        },
        "e0359a52-273d-4d5c-abf7-0af45f612ade": {
          "id": "e0359a52-273d-4d5c-abf7-0af45f612ade",
          "namespace": "GridLayout",
          "name": "Col",
          "props": {
            "contentHeight": 500,
            "contentPosition": {
              "alignItems": "flex-start",
              "display": "flex",
              "justifyContent": "flex-start"
            },
            "contentHeightUnit": "px",
            "colAlign": {},
            "index": 0,
            "isEditMode": true,
            "colDirection": {
              "normal": "\n    flex-direction: column;\n    display: flex;",
              "hover": "background:\n    repeating-linear-gradient(\n      90deg, rgba(224, 224, 224, .5),\n      rgba(224, 224, 224, .5) 8px,\n      rgba(245, 245, 245, .5) 8px,\n      rgba(245, 245, 245, .5) 16px);"
            },
            "key": "9adc5405-341c-433e-a1f8-b1fde521f402"
          },
          "parentId": "13b4d765-c840-40ac-8efd-09b380b4151b",
          "children": [
            "554addb1-2a25-4860-bbcf-a75c77f27a0b"
          ],
          "extension": {
            "action": false,
            "dataBinding": false,
            "style": false
          },
          "alias": "GridLayoutCol"
        },
        "37c76a6d-e97c-4285-9a17-0822a331a110": {
          "id": "37c76a6d-e97c-4285-9a17-0822a331a110",
          "namespace": "material-ui",
          "name": "ListItem",
          "props": {
            "key": "37c76a6d-e97c-4285-9a17-0822a331a110",
            "primaryText": "List Item 2",
            "nestedItems": []
          },
          "parentId": "554addb1-2a25-4860-bbcf-a75c77f27a0b",
          "children": [],
          "extension": {
            "action": false,
            "dataBinding": false
          },
          "alias": "ListItem"
        },
        "94b2032a-c655-4058-a92d-eb96c1673386": {
          "id": "94b2032a-c655-4058-a92d-eb96c1673386",
          "namespace": "GridLayout",
          "name": "Col",
          "props": {
            "contentHeight": 100,
            "contentPosition": {
              "alignItems": "flex-start",
              "display": "flex",
              "justifyContent": "flex-start"
            },
            "contentHeightUnit": "px",
            "colAlign": {},
            "index": 1,
            "isEditMode": true,
            "colDirection": {
              "normal": "\n    flex-direction: column;\n    display: flex;",
              "hover": "background:\n    repeating-linear-gradient(\n      90deg, rgba(224, 224, 224, .5),\n      rgba(224, 224, 224, .5) 8px,\n      rgba(245, 245, 245, .5) 8px,\n      rgba(245, 245, 245, .5) 16px);"
            },
            "key": "daacc8ff-4a79-47f9-bee5-c9bcdb560444"
          },
          "parentId": "13b4d765-c840-40ac-8efd-09b380b4151b",
          "children": [],
          "extension": {
            "action": false,
            "dataBinding": false,
            "style": false
          },
          "alias": "GridLayoutCol"
        },
        "9c44d94a-5c82-45a4-bbb6-70cf85afab9b": {
          "id": "9c44d94a-5c82-45a4-bbb6-70cf85afab9b",
          "namespace": "GridLayout",
          "name": "GridLayout",
          "props": {
            "col": 2,
            "contentHeight": [
              100,
              100
            ],
            "contentPosition": [
              "top-left",
              "top-left"
            ],
            "contentHeightUnit": [
              "px",
              "px"
            ],
            "colAlign": [
              null,
              null
            ],
            "scale": [
              1,
              1
            ],
            "isEditMode": true,
            "colDirection": [
              "vertical",
              "vertical"
            ],
            "key": "9c44d94a-5c82-45a4-bbb6-70cf85afab9b"
          },
          "parentId": "b9ab1533-12c4-4015-9aa2-bbe3c863bd7b",
          "children": [
            "ad0bd57f-b868-4509-9334-5988cab65dcd",
            "bd850239-b76b-413a-bdda-2f928330fe01"
          ],
          "extension": {
            "action": false,
            "dataBinding": false,
            "style": false
          },
          "alias": "Grid Layout"
        },
        "554addb1-2a25-4860-bbcf-a75c77f27a0b": {
          "id": "554addb1-2a25-4860-bbcf-a75c77f27a0b",
          "namespace": "material-ui",
          "name": "List",
          "props": {
            "style": {
              "width": 500
            },
            "key": "554addb1-2a25-4860-bbcf-a75c77f27a0b"
          },
          "parentId": "e0359a52-273d-4d5c-abf7-0af45f612ade",
          "children": [
            "e534a6be-646b-4de6-b4c6-7d82820a84b7",
            "37c76a6d-e97c-4285-9a17-0822a331a110"
          ],
          "extension": {
            "action": false,
            "dataBinding": false
          },
          "alias": "List"
        },
        "ad0bd57f-b868-4509-9334-5988cab65dcd": {
          "id": "ad0bd57f-b868-4509-9334-5988cab65dcd",
          "namespace": "GridLayout",
          "name": "Col",
          "props": {
            "contentHeight": 100,
            "contentPosition": {
              "alignItems": "flex-start",
              "display": "flex",
              "justifyContent": "flex-start"
            },
            "contentHeightUnit": "px",
            "colAlign": {},
            "index": 0,
            "isEditMode": true,
            "colDirection": {
              "normal": "\n    flex-direction: column;\n    display: flex;",
              "hover": "background:\n    repeating-linear-gradient(\n      90deg, rgba(224, 224, 224, .5),\n      rgba(224, 224, 224, .5) 8px,\n      rgba(245, 245, 245, .5) 8px,\n      rgba(245, 245, 245, .5) 16px);"
            },
            "key": "ad0bd57f-b868-4509-9334-5988cab65dcd"
          },
          "parentId": "9c44d94a-5c82-45a4-bbb6-70cf85afab9b",
          "children": [],
          "extension": {
            "action": false,
            "dataBinding": false,
            "style": false
          },
          "alias": "GridLayoutCol"
        },
        "bd850239-b76b-413a-bdda-2f928330fe01": {
          "id": "bd850239-b76b-413a-bdda-2f928330fe01",
          "namespace": "GridLayout",
          "name": "Col",
          "props": {
            "contentHeight": 100,
            "contentPosition": {
              "alignItems": "flex-start",
              "display": "flex",
              "justifyContent": "flex-start"
            },
            "contentHeightUnit": "px",
            "colAlign": {},
            "index": 1,
            "isEditMode": true,
            "colDirection": {
              "normal": "\n    flex-direction: column;\n    display: flex;",
              "hover": "background:\n    repeating-linear-gradient(\n      90deg, rgba(224, 224, 224, .5),\n      rgba(224, 224, 224, .5) 8px,\n      rgba(245, 245, 245, .5) 8px,\n      rgba(245, 245, 245, .5) 16px);"
            },
            "key": "bd850239-b76b-413a-bdda-2f928330fe01"
          },
          "parentId": "9c44d94a-5c82-45a4-bbb6-70cf85afab9b",
          "children": [],
          "extension": {
            "action": false,
            "dataBinding": false,
            "style": false
          },
          "alias": "GridLayoutCol"
        },
        "d6712059-95cd-4e15-b213-ed3a7d33e253": {
          "id": "d6712059-95cd-4e15-b213-ed3a7d33e253",
          "namespace": "material-ui",
          "name": "AppBar",
          "props": {
            "key": "d6712059-95cd-4e15-b213-ed3a7d33e253",
            "style": {
              "backgroundColor": "#0087dc"
            },
            "title": "AppBar"
          },
          "parentId": "b9ab1533-12c4-4015-9aa2-bbe3c863bd7b",
          "children": [],
          "extension": {
            "action": false,
            "dataBinding": false
          },
          "alias": "App Bar"
        },
        "b9ab1533-12c4-4015-9aa2-bbe3c863bd7b": {
          "id": "b9ab1533-12c4-4015-9aa2-bbe3c863bd7b",
          "namespace": "native",
          "name": "div",
          "props": {
            "key": "b9ab1533-12c4-4015-9aa2-bbe3c863bd7b",
            "style": {
              "backgroundColor": "white",
              "flex": 1,
              "overflow": "auto",
              "display": "block"
            }
          },
          "parentId": null,
          "children": [
            "d6712059-95cd-4e15-b213-ed3a7d33e253",
            "13b4d765-c840-40ac-8efd-09b380b4151b",
            "9c44d94a-5c82-45a4-bbb6-70cf85afab9b"
          ],
          "extension": {
            "action": false,
            "dataBinding": false
          },
          "alias": "ROOT_DIV"
        },
        "e534a6be-646b-4de6-b4c6-7d82820a84b7": {
          "id": "e534a6be-646b-4de6-b4c6-7d82820a84b7",
          "namespace": "material-ui",
          "name": "ListItem",
          "props": {
            "key": "e534a6be-646b-4de6-b4c6-7d82820a84b7",
            "primaryText": "List Item 3",
            "nestedItems": []
          },
          "parentId": "554addb1-2a25-4860-bbcf-a75c77f27a0b",
          "children": [],
          "extension": {
            "action": false,
            "dataBinding": false
          },
          "alias": "ListItem"
        }
      }
    }
  ]
}