{
  "index": 0,
  "currentPage": "index",
  "routes": [
    {
      "path": "index",
      "stencils": {
        "a7fda70d-3132-4ebe-bc47-5e641b7a3b0e": {
          "id": "a7fda70d-3132-4ebe-bc47-5e641b7a3b0e",
          "namespace": "native",
          "name": "div",
          "props": {
            "style": {
              "backgroundColor": "#0087dc",
              "borderRadius": 0,
              "flex": 1,
              "overflow": "auto",
              "display": "flex",
              "alignItems": "center",
              "justifyContent": "center"
            },
            "key": "a7fda70d-3132-4ebe-bc47-5e641b7a3b0e"
          },
          "parentId": null,
          "children": [
            "1f686798-473b-400b-83ed-304d04d381c3"
          ]
        },
        "1f686798-473b-400b-83ed-304d04d381c3": {
          "id": "1f686798-473b-400b-83ed-304d04d381c3",
          "namespace": "material-ui",
          "name": "Paper",
          "props": {
            "style": {
              "height": 400,
              "width": 310,
              "paddingLeft": 20,
              "paddingTop": 20
            },
            "key": "1f686798-473b-400b-83ed-304d04d381c3",
            "zDepth": 3
          },
          "parentId": "a7fda70d-3132-4ebe-bc47-5e641b7a3b0e",
          "children": [
            "a0930c30-001b-49c8-a80b-ebf4963add3b",
            "0df16ab7-8b7b-4fac-9173-400934282d92",
            "3be7728b-2ff2-43e3-b726-8a564899bef4",
            "aa5fdf74-f9df-45df-9c96-1e91407949af",
            "963109dc-2f24-4a1d-906f-89c06b73ddcd"
          ]
        },
        "3be7728b-2ff2-43e3-b726-8a564899bef4": {
          "id": "3be7728b-2ff2-43e3-b726-8a564899bef4",
          "namespace": "material-ui",
          "name": "TextField",
          "props": {
            "style": {},
            "key": "3be7728b-2ff2-43e3-b726-8a564899bef4",
            "floatingLabelText": "Password",
            "fullWidth": false,
            "type": "password"
          },
          "parentId": "1f686798-473b-400b-83ed-304d04d381c3",
          "children": []
        },
        "0df16ab7-8b7b-4fac-9173-400934282d92": {
          "id": "0df16ab7-8b7b-4fac-9173-400934282d92",
          "namespace": "material-ui",
          "name": "TextField",
          "props": {
            "style": {
              "marginTop": 40
            },
            "key": "0df16ab7-8b7b-4fac-9173-400934282d92",
            "floatingLabelText": "Username",
            "hintText": "ex: duck.hsu",
            "fullWidth": false
          },
          "parentId": "1f686798-473b-400b-83ed-304d04d381c3",
          "children": []
        },
        "a0930c30-001b-49c8-a80b-ebf4963add3b": {
          "id": "a0930c30-001b-49c8-a80b-ebf4963add3b",
          "namespace": "native",
          "name": "img",
          "props": {
            "style": {
              "marginLeft": 32
            },
            "key": "a0930c30-001b-49c8-a80b-ebf4963add3b",
            "alt": "default image",
            "src": "http://www.deltapsu.com/assets/frontend/site/img/Delta-Logo_RGB.png",
            "width": 200
          },
          "parentId": "1f686798-473b-400b-83ed-304d04d381c3",
          "children": []
        },
        "963109dc-2f24-4a1d-906f-89c06b73ddcd": {
          "id": "963109dc-2f24-4a1d-906f-89c06b73ddcd",
          "namespace": "material-ui",
          "name": "Checkbox",
          "props": {
            "style": {
              "width": 250
            },
            "key": "963109dc-2f24-4a1d-906f-89c06b73ddcd",
            "label": "Remember Me",
            "labelPosition": "right"
          },
          "parentId": "1f686798-473b-400b-83ed-304d04d381c3",
          "children": []
        },
        "aa5fdf74-f9df-45df-9c96-1e91407949af": {
          "id": "aa5fdf74-f9df-45df-9c96-1e91407949af",
          "namespace": "material-ui",
          "name": "RaisedButton",
          "props": {
            "style": {
              "marginBottom": 8,
              "marginTop": 8
            },
            "key": "aa5fdf74-f9df-45df-9c96-1e91407949af",
            "label": "Login",
            "primary": true,
            "fullWidth": false,
            "onTouchTap": [
              {
                "name": "push",
                "args": [
                  "main"
                ]
              }
            ]
          },
          "parentId": "1f686798-473b-400b-83ed-304d04d381c3",
          "children": []
        }
      }
    },
    {
      "path": "main",
      "stencils": {
        "a7fda70d-3132-4ebe-bc47-5e641b7a3b0e": {
          "id": "a7fda70d-3132-4ebe-bc47-5e641b7a3b0e",
          "namespace": "native",
          "name": "div",
          "props": {
            "key": "a7fda70d-3132-4ebe-bc47-5e641b7a3b0e",
            "style": {
              "backgroundColor": "white",
              "borderRadius": 5,
              "flex": 1,
              "overflow": "auto",
              "display": "block"
            }
          },
          "parentId": null,
          "children": [
            "e0a5338a-0d92-4dce-b1a4-a3898fc209c6",
            "e84ed3e1-f002-4a88-941f-3685bf835aa3",
            "6e887422-3c6b-4cec-ba36-97b8a707bb08"
          ]
        },
        "e0a5338a-0d92-4dce-b1a4-a3898fc209c6": {
          "id": "e0a5338a-0d92-4dce-b1a4-a3898fc209c6",
          "namespace": "material-ui",
          "name": "FlatButton",
          "props": {
            "style": {},
            "key": "e0a5338a-0d92-4dce-b1a4-a3898fc209c6",
            "label": "< Back",
            "primary": true,
            "onTouchTap": [
              {
                "name": "push",
                "args": [
                  "index"
                ]
              }
            ]
          },
          "parentId": "a7fda70d-3132-4ebe-bc47-5e641b7a3b0e",
          "children": []
        },
        "e84ed3e1-f002-4a88-941f-3685bf835aa3": {
          "id": "e84ed3e1-f002-4a88-941f-3685bf835aa3",
          "namespace": "native",
          "name": "p",
          "props": {
            "style": {},
            "key": "e84ed3e1-f002-4a88-941f-3685bf835aa3",
            "value": "You can write long sentence here",
            "children": {
              "children_0_primitiveString": {
                "stencil": {
                  "id": "399bdcb1-feba-4bd2-ad0d-a80ebfee0e5f",
                  "namespace": "primitiveString",
                  "name": "育？性教育是給那些需要性的人。所謂教育不就是這樣嗎？」思琪一時間明白了，在這個故事中父母將永遠缺席，他們曠課了，卻自以為是還沒開學。——節自《房思琪的初戀樂園》  這是一個關於「缺席」的故事。父母從角色退卻，中學生從座位早退，13歲少女從青春離開，過早或者過晚，無可恢復的傷痛。不只是生理性的，不只是抽插的程度，正如無所謂成功或不成功的強暴，如果談的只是姿勢，那就完全是缺乏知識。這是根本性的毀滅，性暴力的席捲，將人的本質從靈魂根部完全刨除，身體尚存，靈魂已然登出。   房思琪的初戀樂園 房思琪的初戀樂園 林奕含的首部小說《房思琪的初戀樂園》扉頁寫著「改編自真人真事」。故事有時是寄生獸，會自行尋找宿主，痛苦不堪，你需要尋找與之共生共存的法則。  被刨除的靈魂在林奕含心底生根，她漸漸看見一個女孩，一個崇拜文學的女孩房思琪，崇拜著做為國文補教名師的鄰居李國華。這個心裡充滿溫柔的女孩遭逢恐怖，寫作者以另一種文法，一種失去憤怒的語言，以愛講述這個恐怖故事。  卡在心中許久的故事，讓林奕含每日千迴百轉地走過關鍵的片段與場景，不只是踩在受害者的位置，更像一個時時重返懸案現場的警探。",
                  "props": {
                    "key": "399bdcb1-feba-4bd2-ad0d-a80ebfee0e5f",
                    "value": "You can write long sentence here"
                  },
                  "parentId": "e84ed3e1-f002-4a88-941f-3685bf835aa3",
                  "children": []
                },
                "value": "剛剛在飯桌上，思琪用麵包塗奶油的口氣對媽媽說：「我們的家教好像什麼都有，就是沒有性教育。」媽媽詫異地看著她，回答：「什麼性教育？性教育是給那些需要性的人。所謂教育不就是這樣嗎？」思琪一時間明白了，在這個故事中父母將永遠缺席，他們曠課了，卻自以為是還沒開學。——節自《房思琪的初戀樂園》  這是一個關於「缺席」的故事。父母從角色退卻，中學生從座位早退，13歲少女從青春離開，過早或者過晚，無可恢復的傷痛。不只是生理性的，不只是抽插的程度，正如無所謂成功或不成功的強暴，如果談的只是姿勢，那就完全是缺乏知識。這是根本性的毀滅，性暴力的席捲，將人的本質從靈魂根部完全刨除，身體尚存，靈魂已然登出。   房思琪的初戀樂園 房思琪的初戀樂園 林奕含的首部小說《房思琪的初戀樂園》扉頁寫著「改編自真人真事」。故事有時是寄生獸，會自行尋找宿主，痛苦不堪，你需要尋找與之共生共存的法則。  被刨除的靈魂在林奕含心底生根，她漸漸看見一個女孩，一個崇拜文學的女孩房思琪，崇拜著做為國文補教名師的鄰居李國華。這個心裡充滿溫柔的女孩遭逢恐怖，寫作者以另一種文法，一種失去憤怒的語言，以愛講述這個恐怖故事。  卡在心中許久的故事，讓林奕含每日千迴百轉地走過關鍵的片段與場景，不只是踩在受害者的位置，更像一個時時重返懸案現場的警探。"
              }
            }
          },
          "parentId": "a7fda70d-3132-4ebe-bc47-5e641b7a3b0e",
          "children": [
            "399bdcb1-feba-4bd2-ad0d-a80ebfee0e5f"
          ]
        },
        "399bdcb1-feba-4bd2-ad0d-a80ebfee0e5f": {
          "id": "399bdcb1-feba-4bd2-ad0d-a80ebfee0e5f",
          "namespace": "primitiveString",
          "name": "剛剛在飯桌上，思琪用麵包塗奶油的口氣對媽媽說：「我們的家教好像什麼都有，就是沒有性教育。」媽媽詫異地看著她，回答：「什麼性教育？性教育是給那些需要性的人。所謂教育不就是這樣嗎？」思琪一時間明白了，在這個故事中父母將永遠缺席，他們曠課了，卻自以為是還沒開學。——節自《房思琪的初戀樂園》  這是一個關於「缺席」的故事。父母從角色退卻，中學生從座位早退，13歲少女從青春離開，過早或者過晚，無可恢復的傷痛。不只是生理性的，不只是抽插的程度，正如無所謂成功或不成功的強暴，如果談的只是姿勢，那就完全是缺乏知識。這是根本性的毀滅，性暴力的席捲，將人的本質從靈魂根部完全刨除，身體尚存，靈魂已然登出。   房思琪的初戀樂園 房思琪的初戀樂園 林奕含的首部小說《房思琪的初戀樂園》扉頁寫著「改編自真人真事」。故事有時是寄生獸，會自行尋找宿主，痛苦不堪，你需要尋找與之共生共存的法則。  被刨除的靈魂在林奕含心底生根，她漸漸看見一個女孩，一個崇拜文學的女孩房思琪，崇拜著做為國文補教名師的鄰居李國華。這個心裡充滿溫柔的女孩遭逢恐怖，寫作者以另一種文法，一種失去憤怒的語言，以愛講述這個恐怖故事。  卡在心中許久的故事，讓林奕含每日千迴百轉地走過關鍵的片段與場景，不只是踩在受害者的位置，更像一個時時重返懸案現場的警探。",
          "props": {
            "key": "399bdcb1-feba-4bd2-ad0d-a80ebfee0e5f",
            "value": "You can write long sentence here"
          },
          "parentId": "e84ed3e1-f002-4a88-941f-3685bf835aa3",
          "children": []
        },
        "6e887422-3c6b-4cec-ba36-97b8a707bb08": {
          "id": "6e887422-3c6b-4cec-ba36-97b8a707bb08",
          "namespace": "native",
          "name": "span",
          "props": {
            "style": {},
            "key": "6e887422-3c6b-4cec-ba36-97b8a707bb08",
            "value": "I am a pure text",
            "children": {
              "children_0_primitiveString": {
                "stencil": {
                  "id": "e30bd133-715f-4da8-b96b-4a5abec50831",
                  "namespace": "primitiveString",
                  "name": "I am a pure text",
                  "props": {
                    "key": "e30bd133-715f-4da8-b96b-4a5abec50831",
                    "value": "I am a pure text"
                  },
                  "parentId": "6e887422-3c6b-4cec-ba36-97b8a707bb08",
                  "children": []
                },
                "value": "url : http://okapi.books.com.tw/article/9557"
              }
            }
          },
          "parentId": "a7fda70d-3132-4ebe-bc47-5e641b7a3b0e",
          "children": [
            "e30bd133-715f-4da8-b96b-4a5abec50831"
          ]
        },
        "e30bd133-715f-4da8-b96b-4a5abec50831": {
          "id": "e30bd133-715f-4da8-b96b-4a5abec50831",
          "namespace": "primitiveString",
          "name": "url : http://okapi.books.com.tw/article/9557",
          "props": {
            "key": "e30bd133-715f-4da8-b96b-4a5abec50831",
            "value": "I am a pure text"
          },
          "parentId": "6e887422-3c6b-4cec-ba36-97b8a707bb08",
          "children": []
        }
      }
    }
  ]
}