{
  "npm:react-router@3.0.0": {
    "history": "npm:history@^3.0.0",
    "hoist-non-react-statics": "npm:hoist-non-react-statics@^1.2.0",
    "invariant": "npm:invariant@^2.2.1",
    "warning": "npm:warning@^3.0.0",
    "loose-envify": "npm:loose-envify@^1.2.0",
    "react": "npm:react@^15.0.0",
    "process": "github:jspm/nodelibs-process@^0.1.0"
  },
  "npm:react@15.4.2": {
    "fbjs": "npm:fbjs@^0.8.4",
    "loose-envify": "npm:loose-envify@^1.1.0",
    "object-assign": "npm:object-assign@^4.1.0",
    "process": "github:jspm/nodelibs-process@^0.1.0"
  },
  "npm:react-dom@15.4.2": {
    "fbjs": "npm:fbjs@^0.8.1",
    "loose-envify": "npm:loose-envify@^1.1.0",
    "object-assign": "npm:object-assign@^4.1.0",
    "react": "npm:react@^15.4.2",
    "process": "github:jspm/nodelibs-process@^0.1.0"
  },
  "npm:paho-mqtt@1.0.3": {
    "process": "github:jspm/nodelibs-process@^0.1.0"
  },
  "npm:redux@3.6.0": {
    "lodash": "npm:lodash@^4.2.1",
    "lodash-es": "npm:lodash-es@^4.2.1",
    "loose-envify": "npm:loose-envify@^1.1.0",
    "symbol-observable": "npm:symbol-observable@^1.0.2",
    "process": "github:jspm/nodelibs-process@^0.1.0"
  },
  "npm:react-redux@5.0.1": {
    "hoist-non-react-statics": "npm:hoist-non-react-statics@^1.0.3",
    "invariant": "npm:invariant@^2.0.0",
    "lodash": "npm:lodash@^4.2.0",
    "lodash-es": "npm:lodash-es@^4.2.0",
    "loose-envify": "npm:loose-envify@^1.1.0",
    "react": "npm:react@^15.0.0",
    "redux": "npm:redux@^3.0.0",
    "process": "github:jspm/nodelibs-process@^0.1.0"
  },
  "npm:material-ui@0.15.4": {
    "inline-style-prefixer": "npm:inline-style-prefixer@^2.0.1",
    "keycode": "npm:keycode@^2.1.1",
    "lodash": "npm:lodash@^4.13.1",
    "react-addons-create-fragment": "npm:react-addons-create-fragment@^15.2.1",
    "react-addons-transition-group": "npm:react-addons-transition-group@^15.2.1",
    "react-event-listener": "npm:react-event-listener@^0.2.1",
    "recompose": "npm:recompose@^0.20.2",
    "simple-assign": "npm:simple-assign@^0.1.0",
    "warning": "npm:warning@^3.0.0",
    "react": "npm:react@^15.0.0",
    "react-dom": "npm:react-dom@^15.0.0",
    "react-tap-event-plugin": "npm:react-tap-event-plugin@^1.0.0",
    "process": "github:jspm/nodelibs-process@^0.1.0"
  },
  "npm:react-tap-event-plugin@2.0.1": {
    "fbjs": "npm:fbjs@^0.8.6",
    "react": "npm:react@^15.4.0-0",
    "react-dom": "npm:react-dom@^15.4.0-0",
    "process": "github:jspm/nodelibs-process@^0.1.0"
  },
  "npm:recharts@0.21.2": {
    "classnames": "npm:classnames@2.2.5",
    "core-js": "npm:core-js@2.4.1",
    "d3-scale": "npm:d3-scale@1.0.4",
    "d3-shape": "npm:d3-shape@1.0.4",
    "lodash": "npm:lodash@~4.17.4",
    "react-resize-detector": "npm:react-resize-detector@0.3.3",
    "react-smooth": "npm:react-smooth@0.1.20",
    "recharts-scale": "npm:recharts-scale@0.3.0",
    "reduce-css-calc": "npm:reduce-css-calc@1.3.0",
    "react": "npm:react@^15.0.0",
    "react-addons-transition-group": "npm:react-addons-transition-group@^15.0.0",
    "path": "github:jspm/nodelibs-path@^0.1.0",
    "events": "github:jspm/nodelibs-events@^0.1.1",
    "process": "github:jspm/nodelibs-process@^0.1.0"
  },
  "npm:redux-actions@1.2.0": {
    "invariant": "npm:invariant@^2.2.1",
    "lodash": "npm:lodash@^4.13.1",
    "reduce-reducers": "npm:reduce-reducers@^0.1.0",
    "buffer": "github:jspm/nodelibs-buffer@^0.1.0",
    "process": "github:jspm/nodelibs-process@^0.1.0"
  },
  "npm:redux-immutable@3.0.9": {
    "immutable": "npm:immutable@^3.8.1",
    "process": "github:jspm/nodelibs-process@^0.1.0"
  },
  "npm:whatwg-fetch@2.0.3": {},
  "npm:systemjs-plugin-css@0.1.33": {},
  "npm:react-flexbox-grid@0.10.2": {
    "babel-polyfill": "npm:babel-polyfill",
    "classnames": "npm:classnames",
    "flexboxgrid": "npm:flexboxgrid@^6.3.0",
    "react": "npm:react@^15.0.0",
    "path": "github:jspm/nodelibs-path@^0.1.0",
    "process": "github:jspm/nodelibs-process@^0.1.0",
    "systemjs-json": "github:systemjs/plugin-json@^0.1.0"
  },
  "npm:react-tap-event-plugin@1.0.0": {
    "fbjs": "npm:fbjs@^0.2.1",
    "react": "npm:react@^15.0.0-0",
    "process": "github:jspm/nodelibs-process@^0.1.0"
  },
  "npm:core-js@2.4.1": {
    "systemjs-json": "github:systemjs/plugin-json@^0.1.0",
    "process": "github:jspm/nodelibs-process@^0.1.0",
    "fs": "github:jspm/nodelibs-fs@^0.1.0",
    "path": "github:jspm/nodelibs-path@^0.1.0"
  },
  "npm:react-real-time-chart@0.0.5": {
    "babel-polyfill": "npm:babel-polyfill@^6.2.0",
    "c3": "npm:c3@^0.4.10",
    "deepmerge": "npm:deepmerge@^0.2.10",
    "filter-react-dom-props": "npm:filter-react-dom-props@0.0.2",
    "path": "github:jspm/nodelibs-path@^0.1.0",
    "process": "github:jspm/nodelibs-process@^0.1.0",
    "buffer": "github:jspm/nodelibs-buffer@^0.1.0"
  },
  "npm:warning@3.0.0": {
    "loose-envify": "npm:loose-envify@^1.0.0",
    "process": "github:jspm/nodelibs-process@^0.1.0"
  },
  "npm:object-assign@4.1.1": {},
  "npm:invariant@2.2.2": {
    "loose-envify": "npm:loose-envify@^1.0.0",
    "process": "github:jspm/nodelibs-process@^0.1.0"
  },
  "npm:fbjs@0.2.1": {
    "core-js": "npm:core-js@^1.0.0",
    "promise": "npm:promise@^7.0.3",
    "whatwg-fetch": "npm:whatwg-fetch@^0.9.0",
    "process": "github:jspm/nodelibs-process@^0.1.0"
  },
  "npm:fbjs@0.8.9": {
    "core-js": "npm:core-js@^1.0.0",
    "isomorphic-fetch": "npm:isomorphic-fetch@^2.1.1",
    "loose-envify": "npm:loose-envify@^1.0.0",
    "object-assign": "npm:object-assign@^4.1.0",
    "promise": "npm:promise@^7.1.1",
    "setimmediate": "npm:setimmediate@^1.0.5",
    "ua-parser-js": "npm:ua-parser-js@^0.7.9",
    "process": "github:jspm/nodelibs-process@^0.1.0"
  },
  "npm:classnames@2.2.5": {},
  "npm:history@3.2.1": {
    "invariant": "npm:invariant@^2.2.1",
    "query-string": "npm:query-string@^4.2.2",
    "warning": "npm:warning@^3.0.0",
    "loose-envify": "npm:loose-envify@^1.2.0",
    "process": "github:jspm/nodelibs-process@^0.1.0"
  },
  "npm:react-addons-transition-group@15.4.2": {
    "fbjs": "npm:fbjs@^0.8.4",
    "object-assign": "npm:object-assign@^4.1.0",
    "react": "npm:react@^15.4.2"
  },
  "npm:loose-envify@1.3.1": {
    "js-tokens": "npm:js-tokens@^3.0.0",
    "fs": "github:jspm/nodelibs-fs@^0.1.0",
    "process": "github:jspm/nodelibs-process@^0.1.0",
    "stream": "github:jspm/nodelibs-stream@^0.1.0",
    "util": "github:jspm/nodelibs-util@^0.1.0"
  },
  "npm:react-event-listener@0.2.1": {
    "fbjs": "npm:fbjs@^0.8.0"
  },
  "npm:react-smooth@0.1.20": {
    "lodash": "npm:lodash@^4.16.4",
    "raf": "npm:raf@^3.2.0",
    "react-addons-transition-group": "npm:react-addons-transition-group@^15.0.0",
    "react": "npm:react@^15.0.0",
    "react-dom": "npm:react-dom@^15.0.0",
    "path": "github:jspm/nodelibs-path@^0.1.0",
    "process": "github:jspm/nodelibs-process@^0.1.0",
    "buffer": "github:jspm/nodelibs-buffer@^0.1.0"
  },
  "npm:react-addons-create-fragment@15.4.1": {
    "react": "npm:react@^15.4.1"
  },
  "npm:flexboxgrid@6.3.1": {
    "process": "github:jspm/nodelibs-process@^0.1.0"
  },
  "npm:recompose@0.20.2": {
    "change-emitter": "npm:change-emitter@^0.1.2",
    "fbjs": "npm:fbjs@^0.8.1",
    "hoist-non-react-statics": "npm:hoist-non-react-statics@^1.0.0",
    "symbol-observable": "npm:symbol-observable@^0.2.4",
    "react": "npm:react@^15.0.0",
    "process": "github:jspm/nodelibs-process@^0.1.0"
  },
  "npm:react-resize-detector@0.3.3": {
    "react": "npm:react@^15.0.0"
  },
  "npm:babel-polyfill@6.23.0": {
    "core-js": "npm:core-js@^2.4.0",
    "babel-runtime": "npm:babel-runtime@^6.22.0",
    "regenerator-runtime": "npm:regenerator-runtime@^0.10.0",
    "process": "github:jspm/nodelibs-process@^0.1.0",
    "fs": "github:jspm/nodelibs-fs@^0.1.0",
    "path": "github:jspm/nodelibs-path@^0.1.0"
  },
  "npm:react-native-material-color@1.0.14": {},
  "npm:babel-runtime@6.23.0": {
    "core-js": "npm:core-js@^2.4.0",
    "regenerator-runtime": "npm:regenerator-runtime@^0.10.0"
  },
  "npm:check-types@7.0.1": {},
  "github:jspm/nodelibs-buffer@0.1.1": {
    "buffer": "npm:buffer@^5.0.6"
  },
  "npm:query-string@4.2.3": {
    "object-assign": "npm:object-assign@^4.1.0",
    "strict-uri-encode": "npm:strict-uri-encode@^1.0.0"
  },
  "npm:js-tokens@3.0.1": {},
  "npm:ua-parser-js@0.7.12": {
    "systemjs-json": "github:systemjs/plugin-json@^0.1.0"
  },
  "github:jspm/nodelibs-events@0.1.1": {
    "events": "npm:events@1.0.2"
  },
  "npm:regenerator-runtime@0.10.5": {
    "path": "github:jspm/nodelibs-path@^0.1.0"
  },
  "npm:whatwg-fetch@0.9.0": {},
  "npm:promise@7.1.1": {
    "asap": "npm:asap@~2.0.3",
    "fs": "github:jspm/nodelibs-fs@^0.1.0"
  },
  "npm:setimmediate@1.0.5": {
    "process": "github:jspm/nodelibs-process@^0.1.0"
  },
  "npm:reduce-css-calc@1.3.0": {
    "balanced-match": "npm:balanced-match@^0.4.2",
    "math-expression-evaluator": "npm:math-expression-evaluator@^1.2.14",
    "reduce-function-call": "npm:reduce-function-call@^1.0.1"
  },
  "npm:raf@3.3.0": {
    "performance-now": "npm:performance-now@~0.2.0",
    "process": "github:jspm/nodelibs-process@^0.1.0"
  },
  "npm:isomorphic-fetch@2.2.1": {
    "node-fetch": "npm:node-fetch@^1.0.1",
    "whatwg-fetch": "npm:whatwg-fetch"
  },
  "npm:filter-react-dom-props@0.0.2": {},
  "npm:buffer@5.0.6": {
    "base64-js": "npm:base64-js@^1.0.2",
    "ieee754": "npm:ieee754@^1.1.4"
  },
  "npm:simple-assign@0.1.0": {},
  "npm:events@1.0.2": {},
  "npm:symbol-observable@0.2.4": {},
  "npm:uuid@3.0.1": {
    "crypto": "github:jspm/nodelibs-crypto@^0.1.0"
  },
  "npm:deepmerge@0.2.10": {},
  "npm:reduce-reducers@0.1.2": {},
  "npm:react-router-redux@4.0.7": {},
  "npm:asap@2.0.5": {
    "process": "github:jspm/nodelibs-process@^0.1.0",
    "domain": "github:jspm/nodelibs-domain@^0.1.0"
  },
  "npm:node-fetch@1.6.3": {
    "encoding": "npm:encoding@^0.1.11",
    "is-stream": "npm:is-stream@^1.0.1",
    "stream": "github:jspm/nodelibs-stream@^0.1.0",
    "buffer": "github:jspm/nodelibs-buffer@^0.1.0",
    "util": "github:jspm/nodelibs-util@^0.1.0",
    "url": "github:jspm/nodelibs-url@^0.1.0",
    "http": "github:jspm/nodelibs-http@^1.7.0",
    "https": "github:jspm/nodelibs-https@^0.1.0",
    "zlib": "github:jspm/nodelibs-zlib@^0.1.0"
  },
  "npm:performance-now@0.2.0": {
    "process": "github:jspm/nodelibs-process@^0.1.0"
  },
  "github:jspm/nodelibs-stream@0.1.0": {
    "stream-browserify": "npm:stream-browserify@^1.0.0"
  },
  "npm:reduce-function-call@1.0.2": {
    "balanced-match": "npm:balanced-match@^0.4.2"
  },
  "npm:process@0.11.10": {
    "assert": "github:jspm/nodelibs-assert@^0.1.0",
    "vm": "github:jspm/nodelibs-vm@^0.1.0",
    "fs": "github:jspm/nodelibs-fs@^0.1.0"
  },
  "npm:symbol-observable@1.0.4": {},
  "npm:balanced-match@0.4.2": {},
  "npm:immutable@3.8.1": {},
  "npm:hoist-non-react-statics@1.2.0": {},
  "npm:base64-js@1.2.0": {},
  "npm:keycode@2.1.8": {},
  "npm:strict-uri-encode@1.1.0": {},
  "npm:hyphenate-style-name@1.0.2": {},
  "npm:d3-path@1.0.4": {},
  "npm:stream-browserify@1.0.0": {
    "inherits": "npm:inherits@~2.0.1",
    "readable-stream": "npm:readable-stream@^1.0.27-1",
    "events": "github:jspm/nodelibs-events@^0.1.1"
  },
  "npm:is-stream@1.1.0": {},
  "npm:encoding@0.1.12": {
    "iconv-lite": "npm:iconv-lite@~0.4.13",
    "buffer": "github:jspm/nodelibs-buffer@^0.1.0"
  },
  "npm:change-emitter@0.1.2": {},
  "npm:recharts-scale@0.3.0": {},
  "npm:path-browserify@0.0.0": {
    "process": "github:jspm/nodelibs-process@^0.1.0"
  },
  "npm:math-expression-evaluator@1.2.16": {},
  "npm:iconv-lite@0.4.15": {
    "buffer": "github:jspm/nodelibs-buffer@^0.1.0",
    "process": "github:jspm/nodelibs-process@^0.1.0",
    "systemjs-json": "github:systemjs/plugin-json@^0.1.0",
    "string_decoder": "github:jspm/nodelibs-string_decoder@^0.1.0",
    "stream": "github:jspm/nodelibs-stream@^0.1.0"
  },
  "github:jspm/nodelibs-process@0.1.2": {
    "process": "npm:process@^0.11.0"
  },
  "npm:readable-stream@1.1.14": {
    "core-util-is": "npm:core-util-is@~1.0.0",
    "inherits": "npm:inherits@~2.0.1",
    "isarray": "npm:isarray@0.0.1",
    "string_decoder": "npm:string_decoder@~0.10.0",
    "stream-browserify": "npm:stream-browserify@^1.0.0",
    "process": "github:jspm/nodelibs-process@^0.1.0",
    "buffer": "github:jspm/nodelibs-buffer@^0.1.0",
    "events": "github:jspm/nodelibs-events@^0.1.1"
  },
  "npm:d3-color@1.0.2": {},
  "npm:ieee754@1.1.8": {},
  "npm:d3-collection@1.0.2": {},
  "github:jspm/nodelibs-fs@0.1.2": {},
  "github:jspm/nodelibs-path@0.1.0": {
    "path-browserify": "npm:path-browserify@0.0.0"
  },
  "github:systemjs/plugin-json@0.1.2": {},
  "npm:bowser@1.6.0": {},
  "npm:d3-time@1.0.5": {},
  "npm:inherits@2.0.1": {
    "util": "github:jspm/nodelibs-util@^0.1.0"
  },
  "npm:core-util-is@1.0.2": {
    "buffer": "github:jspm/nodelibs-buffer@^0.1.0"
  },
  "npm:string_decoder@0.10.31": {
    "buffer": "github:jspm/nodelibs-buffer@^0.1.0"
  },
  "npm:isarray@0.0.1": {},
  "github:jspm/nodelibs-domain@0.1.0": {
    "domain-browser": "npm:domain-browser@^1.1.3"
  },
  "github:jspm/nodelibs-https@0.1.0": {
    "https-browserify": "npm:https-browserify@0.0.0"
  },
  "github:jspm/nodelibs-url@0.1.0": {
    "url": "npm:url@^0.10.1"
  },
  "github:jspm/nodelibs-zlib@0.1.0": {
    "browserify-zlib": "npm:browserify-zlib@^0.1.4"
  },
  "github:jspm/nodelibs-http@1.7.1": {
    "Base64": "npm:Base64@~0.2.0",
    "inherits": "npm:inherits@~2.0.1",
    "stream": "github:jspm/nodelibs-stream@^0.1.0",
    "util": "github:jspm/nodelibs-util@^0.1.0",
    "events": "github:jspm/nodelibs-events@^0.1.1",
    "url": "github:jspm/nodelibs-url@^0.1.0"
  },
  "npm:util@0.10.3": {
    "inherits": "npm:inherits@2.0.1",
    "process": "github:jspm/nodelibs-process@^0.1.0"
  },
  "npm:d3-time-format@2.0.4": {
    "d3-time": "npm:d3-time@^1.0.0"
  },
  "npm:inline-style-prefixer@2.0.5": {
    "bowser": "npm:bowser@^1.0.0",
    "hyphenate-style-name": "npm:hyphenate-style-name@^1.0.1"
  },
  "npm:domain-browser@1.1.7": {
    "events": "github:jspm/nodelibs-events@^0.1.1"
  },
  "npm:d3-array@1.1.0": {},
  "npm:https-browserify@0.0.0": {
    "http": "github:jspm/nodelibs-http@^1.7.0"
  },
  "npm:d3-interpolate@1.1.3": {
    "d3-color": "npm:d3-color@^1.0.0"
  },
  "npm:url@0.10.3": {
    "punycode": "npm:punycode@1.3.2",
    "querystring": "npm:querystring@0.2.0",
    "assert": "github:jspm/nodelibs-assert@^0.1.0",
    "util": "github:jspm/nodelibs-util@^0.1.0"
  },
  "npm:d3-scale@1.0.4": {
    "d3-array": "npm:d3-array@^1.0.0",
    "d3-collection": "npm:d3-collection@^1.0.0",
    "d3-color": "npm:d3-color@^1.0.0",
    "d3-format": "npm:d3-format@^1.0.0",
    "d3-interpolate": "npm:d3-interpolate@^1.0.0",
    "d3-time": "npm:d3-time@^1.0.0",
    "d3-time-format": "npm:d3-time-format@^2.0.0"
  },
  "github:jspm/nodelibs-util@0.1.0": {
    "util": "npm:util@^0.10.3"
  },
  "npm:d3-format@1.1.0": {},
  "github:systemjs/plugin-css@0.1.33": {},
  "npm:d3-shape@1.0.4": {
    "d3-path": "npm:d3-path@^1.0.0"
  },
  "github:jspm/nodelibs-string_decoder@0.1.0": {
    "string_decoder": "npm:string_decoder@^0.10.31"
  },
  "npm:babel-runtime@5.8.38": {
    "process": "github:jspm/nodelibs-process@^0.1.0"
  },
  "github:jspm/nodelibs-crypto@0.1.0": {
    "crypto-browserify": "npm:crypto-browserify@^3.7.2"
  },
  "npm:babel-core@5.8.38": {},
  "npm:c3@0.4.11": {
    "d3": "jspm:d3@~3.5.0",
    "css": "jspm:css@^0.1.0"
  },
  "github:jspm/nodelibs-vm@0.1.0": {
    "vm-browserify": "npm:vm-browserify@0.0.4"
  },
  "npm:d3@3.5.17": {},
  "github:jspm/nodelibs-assert@0.1.0": {
    "assert": "npm:assert@^1.3.0"
  },
  "npm:lodash-es@4.17.3": {},
  "npm:core-js@1.2.7": {
    "systemjs-json": "github:systemjs/plugin-json@^0.1.0",
    "process": "github:jspm/nodelibs-process@^0.1.0",
    "fs": "github:jspm/nodelibs-fs@^0.1.0",
    "path": "github:jspm/nodelibs-path@^0.1.0"
  },
  "npm:lodash@4.17.4": {},
  "npm:crypto-browserify@3.11.0": {
    "browserify-cipher": "npm:browserify-cipher@^1.0.0",
    "browserify-sign": "npm:browserify-sign@^4.0.0",
    "create-ecdh": "npm:create-ecdh@^4.0.0",
    "create-hash": "npm:create-hash@^1.1.0",
    "create-hmac": "npm:create-hmac@^1.1.0",
    "diffie-hellman": "npm:diffie-hellman@^5.0.0",
    "inherits": "npm:inherits@^2.0.1",
    "pbkdf2": "npm:pbkdf2@^3.0.3",
    "public-encrypt": "npm:public-encrypt@^4.0.0",
    "randombytes": "npm:randombytes@^2.0.0"
  },
  "npm:browserify-zlib@0.1.4": {
    "readable-stream": "npm:readable-stream@^2.0.2",
    "pako": "npm:pako@~0.2.0",
    "buffer": "github:jspm/nodelibs-buffer@^0.1.0",
    "process": "github:jspm/nodelibs-process@^0.1.0",
    "util": "github:jspm/nodelibs-util@^0.1.0",
    "assert": "github:jspm/nodelibs-assert@^0.1.0"
  },
  "npm:Base64@0.2.1": {},
  "npm:readable-stream@2.2.3": {
    "buffer-shims": "npm:buffer-shims@^1.0.0",
    "core-util-is": "npm:core-util-is@~1.0.0",
    "isarray": "npm:isarray@~1.0.0",
    "inherits": "npm:inherits@~2.0.1",
    "process-nextick-args": "npm:process-nextick-args@~1.0.6",
    "string_decoder": "npm:string_decoder@~0.10.0",
    "util-deprecate": "npm:util-deprecate@~1.0.1",
    "process": "github:jspm/nodelibs-process@^0.1.0",
    "events": "github:jspm/nodelibs-events@^0.1.1",
    "buffer": "github:jspm/nodelibs-buffer@^0.1.0"
  },
  "npm:create-hash@1.1.2": {
    "cipher-base": "npm:cipher-base@^1.0.1",
    "inherits": "npm:inherits@^2.0.1",
    "ripemd160": "npm:ripemd160@^1.0.0",
    "sha.js": "npm:sha.js@^2.3.6",
    "buffer": "github:jspm/nodelibs-buffer@^0.1.0",
    "fs": "github:jspm/nodelibs-fs@^0.1.0",
    "crypto": "github:jspm/nodelibs-crypto@^0.1.0"
  },
  "npm:browserify-sign@4.0.0": {
    "bn.js": "npm:bn.js@^4.1.1",
    "browserify-rsa": "npm:browserify-rsa@^4.0.0",
    "create-hash": "npm:create-hash@^1.1.0",
    "create-hmac": "npm:create-hmac@^1.1.2",
    "elliptic": "npm:elliptic@^6.0.0",
    "inherits": "npm:inherits@^2.0.1",
    "parse-asn1": "npm:parse-asn1@^5.0.0",
    "buffer": "github:jspm/nodelibs-buffer@^0.1.0",
    "stream": "github:jspm/nodelibs-stream@^0.1.0",
    "crypto": "github:jspm/nodelibs-crypto@^0.1.0"
  },
  "npm:browserify-cipher@1.0.0": {
    "browserify-aes": "npm:browserify-aes@^1.0.4",
    "browserify-des": "npm:browserify-des@^1.0.0",
    "evp_bytestokey": "npm:evp_bytestokey@^1.0.0",
    "crypto": "github:jspm/nodelibs-crypto@^0.1.0",
    "buffer": "github:jspm/nodelibs-buffer@^0.1.0"
  },
  "npm:randombytes@2.0.3": {
    "buffer": "github:jspm/nodelibs-buffer@^0.1.0",
    "process": "github:jspm/nodelibs-process@^0.1.0",
    "crypto": "github:jspm/nodelibs-crypto@^0.1.0"
  },
  "npm:create-hmac@1.1.4": {
    "create-hash": "npm:create-hash@^1.1.0",
    "inherits": "npm:inherits@^2.0.1",
    "stream": "github:jspm/nodelibs-stream@^0.1.0",
    "buffer": "github:jspm/nodelibs-buffer@^0.1.0",
    "crypto": "github:jspm/nodelibs-crypto@^0.1.0"
  },
  "npm:create-ecdh@4.0.0": {
    "bn.js": "npm:bn.js@^4.1.0",
    "elliptic": "npm:elliptic@^6.0.0",
    "buffer": "github:jspm/nodelibs-buffer@^0.1.0",
    "crypto": "github:jspm/nodelibs-crypto@^0.1.0"
  },
  "npm:public-encrypt@4.0.0": {
    "bn.js": "npm:bn.js@^4.1.0",
    "browserify-rsa": "npm:browserify-rsa@^4.0.0",
    "create-hash": "npm:create-hash@^1.1.0",
    "parse-asn1": "npm:parse-asn1@^5.0.0",
    "randombytes": "npm:randombytes@^2.0.1",
    "buffer": "github:jspm/nodelibs-buffer@^0.1.0",
    "crypto": "github:jspm/nodelibs-crypto@^0.1.0"
  },
  "npm:diffie-hellman@5.0.2": {
    "bn.js": "npm:bn.js@^4.1.0",
    "miller-rabin": "npm:miller-rabin@^4.0.0",
    "randombytes": "npm:randombytes@^2.0.0",
    "systemjs-json": "github:systemjs/plugin-json@^0.1.0",
    "buffer": "github:jspm/nodelibs-buffer@^0.1.0",
    "crypto": "github:jspm/nodelibs-crypto@^0.1.0"
  },
  "npm:pbkdf2@3.0.9": {
    "create-hmac": "npm:create-hmac@^1.1.2",
    "buffer": "github:jspm/nodelibs-buffer@^0.1.0",
    "process": "github:jspm/nodelibs-process@^0.1.0",
    "crypto": "github:jspm/nodelibs-crypto@^0.1.0"
  },
  "npm:pako@0.2.9": {
    "buffer": "github:jspm/nodelibs-buffer@^0.1.0",
    "process": "github:jspm/nodelibs-process@^0.1.0"
  },
  "npm:buffer-shims@1.0.0": {
    "buffer": "github:jspm/nodelibs-buffer@^0.1.0"
  },
  "npm:process-nextick-args@1.0.7": {
    "process": "github:jspm/nodelibs-process@^0.1.0"
  },
  "npm:util-deprecate@1.0.2": {
    "util": "github:jspm/nodelibs-util@^0.1.0"
  },
  "npm:cipher-base@1.0.3": {
    "inherits": "npm:inherits@^2.0.1",
    "buffer": "github:jspm/nodelibs-buffer@^0.1.0",
    "stream": "github:jspm/nodelibs-stream@^0.1.0",
    "string_decoder": "github:jspm/nodelibs-string_decoder@^0.1.0"
  },
  "npm:isarray@1.0.0": {},
  "npm:ripemd160@1.0.1": {
    "buffer": "github:jspm/nodelibs-buffer@^0.1.0",
    "process": "github:jspm/nodelibs-process@^0.1.0"
  },
  "npm:sha.js@2.4.8": {
    "inherits": "npm:inherits@^2.0.1",
    "buffer": "github:jspm/nodelibs-buffer@^0.1.0",
    "fs": "github:jspm/nodelibs-fs@^0.1.0",
    "process": "github:jspm/nodelibs-process@^0.1.0"
  },
  "npm:browserify-rsa@4.0.1": {
    "bn.js": "npm:bn.js@^4.1.0",
    "randombytes": "npm:randombytes@^2.0.1",
    "crypto": "github:jspm/nodelibs-crypto@^0.1.0",
    "constants": "github:jspm/nodelibs-constants@^0.1.0",
    "buffer": "github:jspm/nodelibs-buffer@^0.1.0"
  },
  "npm:elliptic@6.3.2": {
    "bn.js": "npm:bn.js@^4.4.0",
    "brorand": "npm:brorand@^1.0.1",
    "hash.js": "npm:hash.js@^1.0.0",
    "inherits": "npm:inherits@^2.0.1",
    "systemjs-json": "github:systemjs/plugin-json@^0.1.0"
  },
  "npm:bn.js@4.11.6": {
    "buffer": "github:jspm/nodelibs-buffer@^0.1.0"
  },
  "npm:browserify-des@1.0.0": {
    "cipher-base": "npm:cipher-base@^1.0.1",
    "des.js": "npm:des.js@^1.0.0",
    "inherits": "npm:inherits@^2.0.1",
    "crypto": "github:jspm/nodelibs-crypto@^0.1.0",
    "buffer": "github:jspm/nodelibs-buffer@^0.1.0"
  },
  "npm:evp_bytestokey@1.0.0": {
    "create-hash": "npm:create-hash@^1.1.1",
    "crypto": "github:jspm/nodelibs-crypto@^0.1.0",
    "buffer": "github:jspm/nodelibs-buffer@^0.1.0"
  },
  "npm:parse-asn1@5.0.0": {
    "asn1.js": "npm:asn1.js@^4.0.0",
    "browserify-aes": "npm:browserify-aes@^1.0.0",
    "create-hash": "npm:create-hash@^1.1.0",
    "evp_bytestokey": "npm:evp_bytestokey@^1.0.0",
    "pbkdf2": "npm:pbkdf2@^3.0.3",
    "buffer": "github:jspm/nodelibs-buffer@^0.1.0",
    "systemjs-json": "github:systemjs/plugin-json@^0.1.0"
  },
  "npm:browserify-aes@1.0.6": {
    "buffer-xor": "npm:buffer-xor@^1.0.2",
    "cipher-base": "npm:cipher-base@^1.0.0",
    "create-hash": "npm:create-hash@^1.1.0",
    "evp_bytestokey": "npm:evp_bytestokey@^1.0.0",
    "inherits": "npm:inherits@^2.0.1",
    "buffer": "github:jspm/nodelibs-buffer@^0.1.0",
    "systemjs-json": "github:systemjs/plugin-json@^0.1.0",
    "crypto": "github:jspm/nodelibs-crypto@^0.1.0",
    "fs": "github:jspm/nodelibs-fs@^0.1.0"
  },
  "npm:punycode@1.3.2": {
    "process": "github:jspm/nodelibs-process@^0.1.0"
  },
  "npm:querystring@0.2.0": {},
  "npm:hash.js@1.0.3": {
    "inherits": "npm:inherits@^2.0.1"
  },
  "npm:des.js@1.0.0": {
    "inherits": "npm:inherits@^2.0.1",
    "minimalistic-assert": "npm:minimalistic-assert@^1.0.0",
    "buffer": "github:jspm/nodelibs-buffer@^0.1.0"
  },
  "npm:asn1.js@4.9.1": {
    "bn.js": "npm:bn.js@^4.0.0",
    "inherits": "npm:inherits@^2.0.1",
    "minimalistic-assert": "npm:minimalistic-assert@^1.0.0",
    "vm": "github:jspm/nodelibs-vm@^0.1.0",
    "buffer": "github:jspm/nodelibs-buffer@^0.1.0"
  },
  "npm:buffer-xor@1.0.3": {
    "buffer": "github:jspm/nodelibs-buffer@^0.1.0",
    "systemjs-json": "github:systemjs/plugin-json@^0.1.0"
  },
  "npm:minimalistic-assert@1.0.0": {},
  "npm:brorand@1.0.6": {},
  "npm:miller-rabin@4.0.0": {
    "bn.js": "npm:bn.js@^4.0.0",
    "brorand": "npm:brorand@^1.0.1"
  },
  "npm:indexof@0.0.1": {},
  "npm:vm-browserify@0.0.4": {
    "indexof": "npm:indexof@0.0.1"
  },
  "npm:assert@1.4.1": {
    "util": "npm:util@0.10.3",
    "buffer": "github:jspm/nodelibs-buffer@^0.1.0",
    "assert": "github:jspm/nodelibs-assert@^0.1.0",
    "process": "github:jspm/nodelibs-process@^0.1.0"
  },
  "npm:constants-browserify@0.0.1": {
    "systemjs-json": "github:systemjs/plugin-json@^0.1.0"
  },
  "github:jspm/nodelibs-constants@0.1.0": {
    "constants-browserify": "npm:constants-browserify@0.0.1"
  }
}